club_id,club_key,club_name,group_title,old_chat_id,current_chat_id,status
2,round_table,Round Table,(BANNED TILL APRIL 1) AT / 8404-3149 / Trace,-4952205684,-1003998273715,migrated
2,round_table,Round Table,(Can Zelle Aiden) RT / 7696-7713 / Binh,-4930880854,-1003927535652,migrated
2,round_table,Round Table,Aero Innovations,-4854823290,-1003930724952,migrated
2,round_table,Round Table,AT / 1037-1080 / Edu,-5253519338,-1003810225138,migrated
2,round_table,Round Table,AT / 1511-2319/ joe,-5153064022,-1003766357598,migrated
2,round_table,Round Table,AT / 1545-8706 / Nathan Good,-5015743200,-1004292524512,migrated
2,round_table,Round Table,AT / 1578-6664 / Ryan,-5273762851,-1003929672108,migrated
2,round_table,Round Table,AT / 1793-2857 / Arnav,-4823598449,-1003610029547,migrated
2,round_table,Round Table,AT / 2057-5832 / Jack Lovelock,-5086913076,-1003629527207,migrated
2,round_table,Round Table,AT / 2320-1329 / GdubT,-5189352213,-1004220604101,migrated
2,round_table,Round Table,AT / 2425-6055 / cole,-4955000418,-1003726800184,migrated
2,round_table,Round Table,AT / 2538-7450 / Luke,-4852917364,-1003873348559,migrated
2,round_table,Round Table,AT / 2779-2911 / Ben Faber,-5216074383,-1004297004396,migrated
2,round_table,Round Table,AT / 2892-6353 / 하루,-5227221817,-1003604469810,migrated
2,round_table,Round Table,AT / 2900-5961 / Michael,-4976847955,-1003944370493,migrated
2,round_table,Round Table,AT / 3040-1340 /Jose,-5289134132,-1003974001001,migrated
2,round_table,Round Table,AT / 3042-3011 / Nicholas Gross,-4953727943,-1003780847983,migrated
2,round_table,Round Table,AT / 3134-9096 / Landon,-5041702769,-1003988592697,migrated
2,round_table,Round Table,AT / 3154-1503 / KRISHIV,-4822092555,-1003808291778,migrated
2,round_table,Round Table,AT / 3294-4636 / Silly AK,-5185775492,-1003663981633,migrated
2,round_table,Round Table,AT / 3455-4526 / Nat P,-5092345297,-1003940001569,migrated
2,round_table,Round Table,AT / 3595-6597 / 𝒶𝓁𝓋𝒶𝓇𝑜.𝑜𝒻𝓂!!!,-4915285247,-1003933527129,migrated
2,round_table,Round Table,AT / 3821-8203 / Jake,-5209633902,-1003538683284,migrated
2,round_table,Round Table,AT / 4783-4004 / Marclues,-4974056058,-1003830896612,migrated
2,round_table,Round Table,AT / 5402-4983 / J A,-4803751667,-1003822778207,migrated
2,round_table,Round Table,AT / 5511-1721 / Griffin Matthews,-4818627155,-1003795903131,migrated
2,round_table,Round Table,AT / 5531-7070 / Alex,-4815876574,-1003917646087,migrated
2,round_table,Round Table,AT / 5803-2248 /Nick,-4831548612,-1003959508472,migrated
2,round_table,Round Table,AT / 6017-3842 / Vineeth Rao,-5033927845,-1003935879012,migrated
2,round_table,Round Table,AT / 6647-2341 /Mara Donk,-5154376482,-1004290915576,migrated
2,round_table,Round Table,AT / 6707-3183 / S J,-5249971771,-1004270049875,migrated
2,round_table,Round Table,AT / 6713-8939 / Justin,-5295231494,-1003973051285,migrated
2,round_table,Round Table,AT / 6763-4317 / Joe Mizrahi,-4835801838,-1003910973056,migrated
2,round_table,Round Table,AT / 6766-4855 / Prathik,-4952979712,-1003963093487,migrated
2,round_table,Round Table,AT / 6810-1405 / Andy,-5225744952,-1003981798085,migrated
2,round_table,Round Table,AT / 6969-3797 / MightGetRich,-5068108030,-1003988989283,migrated
2,round_table,Round Table,AT / 6986-3879 / Ronav,-4919596484,-1003920187591,migrated
2,round_table,Round Table,AT / 6992-1947 / Jacob,-4968165006,-1003749986438,migrated
2,round_table,Round Table,AT / 6997-1735 / Kyle Johnson,-5089233686,-1003769671643,migrated
2,round_table,Round Table,AT / 7094-5754 / Hanush,-5123036896,-1004274365288,migrated
2,round_table,Round Table,AT / 7109-1823 / Vespital,-4851389704,-1003956404165,migrated
2,round_table,Round Table,AT / 7212-5692 / Oli,-4995535290,-1004274647855,migrated
2,round_table,Round Table,AT / 7236-8798 / Landon Kerkmaz,-4910501992,-1003905047417,migrated
2,round_table,Round Table,AT / 7307-8655 / Trevor,-4794516304,-1004292977807,migrated
2,round_table,Round Table,AT / 7657-7972 / icychair335,-5025704778,-1003993040702,migrated
2,round_table,Round Table,AT / 7804-1112 / Daniel,-4998439386,-1003937536943,migrated
2,round_table,Round Table,AT / 7816-2515 / MaxTheCredit,-5128894631,-1003941605068,migrated
2,round_table,Round Table,AT / 8164-4120/ Michael,-5062234796,-1003954394697,migrated
2,round_table,Round Table,AT / 8169-2324 / glizock,-5045212387,-1003748034675,migrated
2,round_table,Round Table,AT / 8226-5610 / Exo 1M+,-5278026733,-1003924636190,migrated
2,round_table,Round Table,AT / 8226-5610 / Exo 1M+,-4823740297,-1003924636190,migrated
2,round_table,Round Table,AT / 8260-2286 / Jethro Giovanni,-4961597797,-1003930024323,migrated
2,round_table,Round Table,AT / 8397-1062 / Frazier,-4929725009,-1003943524770,migrated
2,round_table,Round Table,AT / 8449-2359 /Orlando,-5238507445,-1003907198074,migrated
2,round_table,Round Table,AT / 8726-1138 / Steven A,-4801010063,-1003987533920,migrated
2,round_table,Round Table,AT / 8976-0411 / Ikshvaku,-4835321242,-1003950162682,migrated
2,round_table,Round Table,AT / 9111-8970 / Santiago Gomez,-4894210450,-1003176488878,migrated
2,round_table,Round Table,AT / 9229-5174 / jain,-5030380765,-1003981440900,migrated
2,round_table,Round Table,AT / 9319-9274 / Pablo Paper,-4826110204,-1004292500055,migrated
2,round_table,Round Table,AT / 9391-6280 / Micah,-5000790583,-1003916817880,migrated
2,round_table,Round Table,AT / 9431-7202 / Kyler,-5097952027,-1003378562714,migrated
2,round_table,Round Table,AT / 9457-7820 / David,-5003324309,-1004298158689,migrated
2,round_table,Round Table,AT / 9651-4227 / Joshua Vasquez,-5112292253,-1003966236871,migrated
2,round_table,Round Table,AT / 9762-1877 / Patt,-4802488385,-1003995937608,migrated
2,round_table,Round Table,AT / 9793-3425 / HennyB,-4877434471,-1003927495173,migrated
2,round_table,Round Table,AT / 9876-9575 / Dana,-5095416884,-1003873020795,migrated
2,round_table,Round Table,AT RT / 1639-1671 / Matthew,-5195073325,-1004279484631,migrated
2,round_table,Round Table,AT RT / 4633-9013 / Justin,-4822573656,-1003981635159,migrated
2,round_table,Round Table,AT RT / 7149-1067 / E,-5141935864,-1004150038480,migrated
2,round_table,Round Table,AT RT / 7339-3752 / True Adidas,-4984086193,-1003737148450,migrated
2,round_table,Round Table,AT RT / 8062-0019 / A,-5084750496,-1004294742436,migrated
2,round_table,Round Table,AT RT / 9611-2478 / Drew Mcknight,-4974445659,-1004292307164,migrated
2,round_table,Round Table,AT/ 9381-8765 / Liam,-5179912156,-1003975805606,migrated
2,round_table,Round Table,AT/5297-8379 /Laurie,-5101542454,-1004289300827,migrated
2,round_table,Round Table,BANNED RT AT / 6722-8562 / joe,-5193636658,-1003718458445,migrated
2,round_table,Round Table,CC / 8659-6683 / Yash Jain,-4984628862,-1003235233378,migrated
2,round_table,Round Table,Jackson,-4893526931,-1003754042141,migrated
2,round_table,Round Table,New depo / cashout commands test,-5267295497,-1003911256006,migrated
2,round_table,Round Table,Round Table Support & Cold,-5293381544,-1003994908465,migrated
2,round_table,Round Table,Round Table Support & Will,-5272043678,-1003931582568,migrated
2,round_table,Round Table,RT / / Antonis,-5077581104,-1003961606420,migrated
2,round_table,Round Table,RT / / ShY🔛,-5029102471,-1003837317221,migrated
2,round_table,Round Table,RT / / Tigers,-5277384855,-1003916900953,migrated
2,round_table,Round Table,RT / /Andrea,-5129474782,-1003563410808,migrated
2,round_table,Round Table,RT / 0000-0000 / TEST,-5226631506,-1003384422854,migrated
2,round_table,Round Table,RT / 1010-9780 / Imran H,-4920628246,-1003923976856,migrated
2,round_table,Round Table,RT / 1020-5324 / Oscar,-5063599344,-1003600455839,migrated
2,round_table,Round Table,RT / 1041-6763 / Rachel D,-4966057137,-1003773807226,migrated
2,round_table,Round Table,RT / 1053-3487 / lz,-5293941323,-1003871270589,migrated
2,round_table,Round Table,RT / 1056-0803 / Pasquale Acri,-5142172011,-1003669265351,migrated
2,round_table,Round Table,RT / 1079-5634 / Ryan,-4897959757,-1003742694262,migrated
2,round_table,Round Table,RT / 1111-0000 / TEST,-5167627983,-1003829689958,migrated
2,round_table,Round Table,RT / 1150-9575 / space man,-5042764330,-1003888847199,migrated
2,round_table,Round Table,RT / 1159-0264 / Milad,-4832457446,-1003972042692,migrated
2,round_table,Round Table,RT / 1167-8012 / lonzo ball,-4896220041,-1003706838452,migrated
2,round_table,Round Table,RT / 1168-6624 / Leo,-4902948760,-1003788510694,migrated
2,round_table,Round Table,RT / 1170-1419 / Maddox,-4839743517,-1003962558635,migrated
2,round_table,Round Table,RT / 1213-5162 / Myke,-5024817418,-1003938416176,migrated
2,round_table,Round Table,RT / 1236-7847 / .,-4912899060,-1003844046627,migrated
2,round_table,Round Table,RT / 1236-8075 / Sterling,-4804209048,-1003822870778,migrated
2,round_table,Round Table,RT / 1259-0422 / Luca,-4922740418,-1003757023491,migrated
2,round_table,Round Table,RT / 1271-5601 / Tao,-4950016346,-1003797721053,migrated
2,round_table,Round Table,RT / 1286-4465 / Mohamad,-4828173810,-1003993862809,migrated
2,round_table,Round Table,RT / 1306-3177 / Down with Epstein,-5161576868,-1003999672502,migrated
2,round_table,Round Table,RT / 1314-8024 / Fefefolds,-4959561120,-1003958480140,migrated
2,round_table,Round Table,RT / 1332-3780 / Sujal,-4797914678,-1003811080801,migrated
2,round_table,Round Table,RT / 1340-9505 / Preston,-5271832320,-1003929023088,migrated
2,round_table,Round Table,RT / 1367-0994 / Aron,-5029879710,-1003878395630,migrated
2,round_table,Round Table,RT / 1389-6436 / Jay,-4827683661,-1003956255166,migrated
2,round_table,Round Table,RT / 1434-6363 / James,-4890740978,-1003736013695,migrated
2,round_table,Round Table,RT / 1434-6363 / James,-4856866433,-1003736013695,migrated
2,round_table,Round Table,RT / 1453-3329 / Nico Matik,-5034533911,-1003758469362,migrated
2,round_table,Round Table,RT / 1457-7862 / Nick Krass,-4900763810,-1003733690158,migrated
2,round_table,Round Table,RT / 1463-2891 / Brayden,-5146175910,-1003904266182,migrated
2,round_table,Round Table,RT / 1466-5519 / WZRD,-5234804817,-1003791193915,migrated
2,round_table,Round Table,RT / 1468-9582 / Arie Schwartz,-4954643298,-1003850915994,migrated
2,round_table,Round Table,RT / 1509-9433 / sawyer beck,-5040991885,-1003918082698,migrated
2,round_table,Round Table,RT / 1512-3993 / Bob,-5273337024,-1003943863924,migrated
2,round_table,Round Table,RT / 1530-0852 / Jace,-4851154623,-1003858758535,migrated
2,round_table,Round Table,RT / 1555-0752 / Dylan,-5061521273,-1003757061445,migrated
2,round_table,Round Table,RT / 1580-1579 / Hebden F,-4883175605,-1003747424398,migrated
2,round_table,Round Table,RT / 1591-6104 / Arihann,-4948494899,-1003552059921,migrated
2,round_table,Round Table,RT / 1596-8650 / Nate Epstein,-4938382989,-1003532684677,migrated
2,round_table,Round Table,RT / 1605-6917 / Kevin,-4966978334,-1003754720740,migrated
2,round_table,Round Table,RT / 1643-6664 / Vinay Vellore,-4904647297,-1003989238825,migrated
2,round_table,Round Table,RT / 1653-5398 / Henry,-4991921049,-1003801472924,migrated
2,round_table,Round Table,RT / 1661-7572 / Yitzy Berger,-5070148574,-1004285323532,migrated
2,round_table,Round Table,RT / 1663-2983 / Mao Zedong,-5174758354,-1003964831346,migrated
2,round_table,Round Table,RT / 1693-1883 / Brandon,-4910517366,-1004231570239,migrated
2,round_table,Round Table,RT / 1714-9636 / Colin Stone,-4905707971,-1003951856146,migrated
2,round_table,Round Table,RT / 1721-6579 / Donatello,-5021170096,-1003998900163,migrated
2,round_table,Round Table,RT / 1744-4701 / Richa,-4880992902,-1004294228711,migrated
2,round_table,Round Table,RT / 1790-9262 / Sinus,-4912616992,-1003910443900,migrated
2,round_table,Round Table,RT / 1803-5471 / Mike,-4845342613,-1003914047218,migrated
2,round_table,Round Table,RT / 1840-8612 / Matt Kim,-4957292327,-1003750657551,migrated
2,round_table,Round Table,RT / 1846-0643 / Ben,-4877993739,-1003880752931,migrated
2,round_table,Round Table,RT / 1855-2062 / hh,-4826729535,-1003671673272,migrated
2,round_table,Round Table,RT / 1889-4369 / Big Billard,-4880185380,-1003907158498,migrated
2,round_table,Round Table,RT / 1907-9646 / choppa,-4969261935,-1003965994032,migrated
2,round_table,Round Table,RT / 1918-8714 / Ayaan Mishra,-5111136574,-1003928258204,migrated
2,round_table,Round Table,RT / 1939-0742 / Oscar Lashley,-4845390763,-1003933045354,migrated
2,round_table,Round Table,RT / 1963-1314 / Jack,-5229597043,-1003948867195,migrated
2,round_table,Round Table,RT / 1972-9654 / Dylan,-5165498152,-1003830348149,migrated
2,round_table,Round Table,RT / 1979-0070 / joseph kim,-5026640988,-1003971417703,migrated
2,round_table,Round Table,RT / 1980-6310 / Doug,-4889853401,-1003874418279,migrated
2,round_table,Round Table,RT / 1991-0385 / Kevin,-4803620188,-1003927185813,migrated
2,round_table,Round Table,RT / 1993-7910 / T Halm,-5227876179,-1003958371075,migrated
2,round_table,Round Table,RT / 2004-8993 / Will,-4925933206,-1003830596565,migrated
2,round_table,Round Table,RT / 2004-8993 / Will,-4820577719,-1003830596565,migrated
2,round_table,Round Table,RT / 2024-8546 / Thomas,-5010385998,-1003710413086,migrated
2,round_table,Round Table,RT / 2025-9445 / Alejandro,-4943193024,-1003913287682,migrated
2,round_table,Round Table,RT / 2035-3600 / Russel,-4931007607,-1003786402683,migrated
2,round_table,Round Table,RT / 2053-6623 / John,-5149735839,-1003817465168,migrated
2,round_table,Round Table,RT / 2053-7809 / Q,-5029070456,-1003983802761,migrated
2,round_table,Round Table,RT / 2055-1195 / B B,-4960595905,-1003869239980,migrated
2,round_table,Round Table,RT / 2059-1762 / Victor,-4905260283,-1003929660986,migrated
2,round_table,Round Table,RT / 2140-7804 / tj p,-4775224258,-1003980081548,migrated
2,round_table,Round Table,RT / 2156-2761 / Bruce Wayne,-4992968741,-1003909633541,migrated
2,round_table,Round Table,RT / 2164-0807 / John,-5065989337,-1003950519689,migrated
2,round_table,Round Table,RT / 2167-6020 / Mike,-4836723734,-1003825770627,migrated
2,round_table,Round Table,RT / 2171-6961 / bean,-5090052262,-1003927546896,migrated
2,round_table,Round Table,RT / 2186-5445 / Ryan,-5030820690,-1003948356640,migrated
2,round_table,Round Table,RT / 2188-9811 / DSchiele,-4915880754,-1003975329644,migrated
2,round_table,Round Table,RT / 2210-6880 / Bruce,-5288536796,-1004244929828,migrated
2,round_table,Round Table,RT / 2213-8258 / shaurya,-5201675125,-1003950424242,migrated
2,round_table,Round Table,RT / 2228-1403 / Lakshay Aggrawal,-4799892218,-1003726515089,migrated
2,round_table,Round Table,RT / 2228-7012/ Tyler Nicolini (2nd id),-5181040012,-1003924983881,migrated
2,round_table,Round Table,RT / 2228-9414 / Kieran,-5186269410,-1003899695005,migrated
2,round_table,Round Table,RT / 2230-3202 / Ray,-4937378427,-1003949429867,migrated
2,round_table,Round Table,RT / 2262-9074 / kevin,-5079273391,-1003790020461,migrated
2,round_table,Round Table,RT / 2294-6460 / Eric,-4952405261,-1003969619043,migrated
2,round_table,Round Table,RT / 2325-1568 / Yazdan,-4867153219,-1003889761534,migrated
2,round_table,Round Table,Rt / 2325-8130 / J,-5286202104,-1003841575523,migrated
2,round_table,Round Table,RT / 2375-7733 / Jim,-4825132742,-1003916702326,migrated
2,round_table,Round Table,RT / 2376-0492 / John,-5296204593,-1003760107423,migrated
2,round_table,Round Table,RT / 2390-9449/ Ivey Junior,-5056617196,-1003929786011,migrated
2,round_table,Round Table,RT / 2397-2030 / Benjamin,-5074740019,-1003903770516,migrated
2,round_table,Round Table,RT / 2427-3267 / Samin,-4967166499,-1003948642983,migrated
2,round_table,Round Table,RT / 2433-4681 / Forrest,-4891395252,-1003933906039,migrated
2,round_table,Round Table,RT / 2444-5845 / James,-4821451781,-1003858841901,migrated
2,round_table,Round Table,RT / 2445-2722 / NK,-4925394087,-1003434432715,migrated
2,round_table,Round Table,RT / 2447-2984 / jimi,-5198077906,-1004291923827,migrated
2,round_table,Round Table,RT / 2508-0291 / Sam,-4987788349,-1003995220300,migrated
2,round_table,Round Table,RT / 2522-4539 /M,-5205981547,-1003902449411,migrated
2,round_table,Round Table,RT / 2524-3452 / Isaac Vencel,-4966114099,-1003514090738,migrated
2,round_table,Round Table,RT / 2549-6894 / Ethan K,-4943794026,-1003909449560,migrated
2,round_table,Round Table,RT / 2553-1588 / James,-5197436055,-1004294421468,migrated
2,round_table,Round Table,RT / 2553-1588 / James,-5111958393,-1004294421468,migrated
2,round_table,Round Table,RT / 2553-1588 / James,-4945135441,-1004294421468,migrated
2,round_table,Round Table,RT / 2571-5626 / Meet,-4973928256,-1003926318784,migrated
2,round_table,Round Table,RT / 2576-1170 / James,-4987361434,-1003976290291,migrated
2,round_table,Round Table,RT / 2577-9426 / Malek,-4851991031,-1003468159751,migrated
2,round_table,Round Table,RT / 2578-0197 / Joseph Vigil,-4841951728,-1003652941033,migrated
2,round_table,Round Table,RT / 2619-9811 / Mike,-4952457263,-1003985690975,migrated
2,round_table,Round Table,RT / 2619-9811 / Mike,-4951726161,-1003985690975,migrated
2,round_table,Round Table,RT / 2626-6678 / Joseph Luongo,-4957918587,-1003998106383,migrated
2,round_table,Round Table,RT / 2634-3847 / Zachary,-4937734990,-1003578275621,migrated
2,round_table,Round Table,RT / 2646-8780 / Mordo,-4938051202,-1003890206722,migrated
2,round_table,Round Table,RT / 2713-5999 / Big dub,-4925630463,-1004227894930,migrated
2,round_table,Round Table,RT / 2732-7660 / Max Tenney,-4867554906,-1003994203195,migrated
2,round_table,Round Table,RT / 2737-8438 / Logie,-4925114544,-1003527134700,migrated
2,round_table,Round Table,RT / 2764-2995 / Brayden,-4903625952,-1003995426656,migrated
2,round_table,Round Table,RT / 2767-4939 / Jose Lopez,-4957842965,-1004295316855,migrated
2,round_table,Round Table,RT / 2820-2115 / Sean Phelan,-4910080168,-1003984017762,migrated
2,round_table,Round Table,RT / 2821-8720 / Alex Hendo,-5132639976,-1003975051811,migrated
2,round_table,Round Table,RT / 2827-3613 / Joshua,-4963380338,-1003680369860,migrated
2,round_table,Round Table,RT / 2833-0650 / Myles H,-4852638367,-1003946781425,migrated
2,round_table,Round Table,RT / 2842-1304 / Brady,-4814522299,-1003995834244,migrated
2,round_table,Round Table,RT / 2842-5520 / jay,-5162257408,-1003952918933,migrated
2,round_table,Round Table,RT / 2867-3195 / Riley,-5073874639,-1003834397437,migrated
2,round_table,Round Table,RT / 2885-2147 / Connor,-5064362934,-1003688902312,migrated
2,round_table,Round Table,RT / 2928-3553 / Hayden,-5062055019,-1004292938980,migrated
2,round_table,Round Table,RT / 2932-4512 / Gelo Bellosillo,-4800703990,-1003984745871,migrated
2,round_table,Round Table,RT / 2961-6552 / Anthony,-5003083248,-1003742634076,migrated
2,round_table,Round Table,RT / 2963-6818 / Rowan Dalton,-4987883656,-1003739570011,migrated
2,round_table,Round Table,RT / 2970-3909 / Tyler,-5266199212,-1003221127269,migrated
2,round_table,Round Table,RT / 2977-7633 / dharma m,-4949575916,-1004268917637,migrated
2,round_table,Round Table,RT / 2991-9809 / Jakob,-5034094404,-1003424311919,migrated
2,round_table,Round Table,RT / 3012-5456 / Austin,-4965483229,-1004294203157,migrated
2,round_table,Round Table,RT / 3022-2287 / SS,-4883077681,-1003723471364,migrated
2,round_table,Round Table,RT / 3045-4850 / Ben,-5189094618,-1003736097434,migrated
2,round_table,Round Table,RT / 3055-1672 / Austin,-4860025975,-1003943541256,migrated
2,round_table,Round Table,RT / 3065-5861 / David Bishop,-4858967068,-1004289603384,migrated
2,round_table,Round Table,RT / 3079-4850 / Mrs Jenelina,-4813516331,-1003851674444,migrated
2,round_table,Round Table,RT / 3115-0343 / Negative,-5293653537,-1004294025298,migrated
2,round_table,Round Table,RT / 3127-9889 / Nathan,-5027877135,-1003703258699,migrated
2,round_table,Round Table,RT / 3130-3767 / Yt Roid,-4978553665,-1003929894080,migrated
2,round_table,Round Table,RT / 3160-7853 / Mrigaank,-4909752793,-1003713618144,migrated
2,round_table,Round Table,RT / 3164-9364 / Dealer,-4985828918,-1003908614562,migrated
2,round_table,Round Table,RT / 3166-6054 / Scott Magri,-5134023791,-1003940602119,migrated
2,round_table,Round Table,RT / 3178-6010 / Nick Gilberto,-4842839986,-1003886396238,migrated
2,round_table,Round Table,RT / 3189-6126 / Henry,-4929435608,-1003732517208,migrated
2,round_table,Round Table,RT / 3191-6193 / Dee Aech,-5113774222,-1004296457092,migrated
2,round_table,Round Table,RT / 3191-9034 / Yosef,-4934874390,-1003576189963,migrated
2,round_table,Round Table,RT / 3201-9172 / NoNames,-5047691220,-1003993248947,migrated
2,round_table,Round Table,RT / 3205-4883 /Jojo,-5066738466,-1004237227526,migrated
2,round_table,Round Table,RT / 3214-8639 / Ugvh,-4998075420,-1003926707862,migrated
2,round_table,Round Table,RT / 3249-1679 / Isaiah Mobley,-5274886314,-1003954975669,migrated
2,round_table,Round Table,RT / 3279-6014 / Justin,-5099124510,-1003970116845,migrated
2,round_table,Round Table,RT / 3287-1394 / Yudi,-5043915231,-1003858048854,migrated
2,round_table,Round Table,RT / 3289-8077 / Noah,-4957768756,-1003997699339,migrated
2,round_table,Round Table,RT / 3309-3982 / mattatt56,-4862753893,-1003902068471,migrated
2,round_table,Round Table,RT / 3343-4093 / Hayden,-4820672754,-1003579474392,migrated
2,round_table,Round Table,RT / 3357-8077 / Roman,-5058617202,-1003919762330,migrated
2,round_table,Round Table,RT / 3360–4002/ Nicholas,-4864335196,-1003980626224,migrated
2,round_table,Round Table,RT / 3372-4807 / Renu,-5275949726,-1003717670001,migrated
2,round_table,Round Table,RT / 3390-7195 / Will,-5091575822,-1003710017633,migrated
2,round_table,Round Table,RT / 3413-5345 / T Y,-5294077158,-1004288652890,migrated
2,round_table,Round Table,RT / 3418-5752 / Sean,-5186004106,-1004299188972,migrated
2,round_table,Round Table,RT / 3421-3087 / SPQR Kicks,-5225033725,-1003948165390,migrated
2,round_table,Round Table,RT / 3431-7284 / Kaleo,-5260794580,-1004293919931,migrated
2,round_table,Round Table,RT / 3451-9329 / Ravi,-4847485335,-1004236907682,migrated
2,round_table,Round Table,RT / 3492-1220 / chan edward,-5065679242,-1003754141728,migrated
2,round_table,Round Table,RT / 3506-4379 / cameron,-4868815257,-1003997661830,migrated
2,round_table,Round Table,RT / 3513-1376 / Rob,-5001069055,-1003910981210,migrated
2,round_table,Round Table,RT / 3556-0884 / Zach Lindsay,-5203992251,-1003799800678,migrated
2,round_table,Round Table,RT / 3566-6959 / Jack,-4861759851,-1003780116744,migrated
2,round_table,Round Table,RT / 3567-8527 / Finn,-4995340973,-1003850334811,migrated
2,round_table,Round Table,RT / 3577-2797 / William,-4805024888,-1003926171500,migrated
2,round_table,Round Table,RT / 3595-9855 / ShankAaron,-4964744018,-1004298144621,migrated
2,round_table,Round Table,RT / 3607-5152 / Lucas,-5027962121,-1003788999220,migrated
2,round_table,Round Table,RT / 3624-6087 / Owen,-5001443095,-1003693412754,migrated
2,round_table,Round Table,RT / 3642-6500 / Bit,-4849265403,-1003931728409,migrated
2,round_table,Round Table,RT / 3686-0417 / John,-4851680729,-1003990724021,migrated
2,round_table,Round Table,RT / 3687-1155 / Alex,-5027350655,-1004299588120,migrated
2,round_table,Round Table,RT / 3724-4289 / Yuda,-4879647331,-1003882401220,migrated
2,round_table,Round Table,RT / 3729-3519 / Lebron,-4985118715,-1004282494169,migrated
2,round_table,Round Table,RT / 3791-4854 / Raul G,-4866277043,-1003989198740,migrated
2,round_table,Round Table,RT / 3799-0316 / Jack Martin,-4817499753,-1003961967131,migrated
2,round_table,Round Table,RT / 3834-4892 / Mary,-4986748604,-1003868325811,migrated
2,round_table,Round Table,RT / 3840-9193 / Alan,-4949947038,-1003936703760,migrated
2,round_table,Round Table,RT / 3849-9989 / Erfan,-4878455745,-1003778092391,migrated
2,round_table,Round Table,RT / 3872-4914 / Jacob,-4861071210,-1003967926417,migrated
2,round_table,Round Table,RT / 3874-0204 / Vaibhav,-4865806990,-1003780999948,migrated
2,round_table,Round Table,RT / 3878-1329 / Evan,-5206493339,-1003759960924,migrated
2,round_table,Round Table,RT / 3894-6408 / Johnny,-4885429818,-1003958767295,migrated
2,round_table,Round Table,RT / 3901-5275 / Oum,-5072386163,-1003742935948,migrated
2,round_table,Round Table,RT / 3902-9412 / dahou,-5294361621,-1003920368707,migrated
2,round_table,Round Table,RT / 3910-5954 / Gupta Ji,-4815598819,-1003907367260,migrated
2,round_table,Round Table,RT / 3921-7417 / Bmg,-4813630125,-1003996198297,migrated
2,round_table,Round Table,RT / 3954-4897 / Dylan Ball,-4990591451,-1003841871985,migrated
2,round_table,Round Table,RT / 3959-3862 / Cameron Sandoval,-4897160889,-1003998074300,migrated
2,round_table,Round Table,RT / 3961-7639 / SK,-4881257730,-1003743181061,migrated
2,round_table,Round Table,RT / 4011-6982 / Derek,-4897978627,-1003821020302,migrated
2,round_table,Round Table,RT / 4023-7304 / K Bell,-5089856107,-1003849312588,migrated
2,round_table,Round Table,RT / 4075-4469 / Corbin Williams,-5151001511,-1003724550894,migrated
2,round_table,Round Table,RT / 4080-6340 / Nate,-5096489212,-1003633769638,migrated
2,round_table,Round Table,RT / 4092-0752 / Danny Berger,-4832621909,-1003750060192,migrated
2,round_table,Round Table,RT / 4106-3308 / Jojo Seven,-4839052120,-1004170825200,migrated
2,round_table,Round Table,RT / 4108-9573 / John Davi,-4853988353,-1003945177357,migrated
2,round_table,Round Table,RT / 4131-2571 / Boondocks,-5002317269,-1003758854216,migrated
2,round_table,Round Table,RT / 4131-2571 / Boondocks,-5085668726,-1003758854216,migrated
2,round_table,Round Table,RT / 4162-8545 / Scott,-4816328282,-1003954242545,migrated
2,round_table,Round Table,RT / 4175-4370 / S Graham,-5114616492,-1003908062445,migrated
2,round_table,Round Table,RT / 4223-2490 / jonah,-4930271367,-1003730284479,migrated
2,round_table,Round Table,RT / 4238-4226 / Jelly Jam,-4810425682,-1003966169074,migrated
2,round_table,Round Table,RT / 4269-8414 / Walter,-5225565606,-1003901008733,migrated
2,round_table,Round Table,RT / 4272-2144 / Armin Pham,-4915263504,-1003998660211,migrated
2,round_table,Round Table,RT / 4301-6014 / Joe,-4835116188,-1003974656992,migrated
2,round_table,Round Table,RT / 4352-6317 / Alec Allen,-4889443851,-1003800603390,migrated
2,round_table,Round Table,RT / 4362-7921 / Parker,-4892951985,-1003904666081,migrated
2,round_table,Round Table,RT / 4366-7017 / Matthew,-4820333669,-1003882672296,migrated
2,round_table,Round Table,RT / 4390-0774 / Megan,-5159274431,-1003990395416,migrated
2,round_table,Round Table,RT / 4395-4173 / Pistol Ganggg,-4931897787,-1003996639771,migrated
2,round_table,Round Table,RT / 4397-5006 / Daniel Kim,-5214224184,-1003961665470,migrated
2,round_table,Round Table,RT / 4399-3076 / Brian,-4929414469,-1003876786324,migrated
2,round_table,Round Table,RT / 4416-3041 / Evan Peterson,-4934594349,-1003901533521,migrated
2,round_table,Round Table,RT / 4425-4556 / A,-5041127378,-1003910687786,migrated
2,round_table,Round Table,RT / 4428-7383 / Bae Jaemin,-4814314300,-1003949144492,migrated
2,round_table,Round Table,RT / 4450-9207 / Dara,-4968931506,-1003738735497,migrated
2,round_table,Round Table,RT / 4455-8049 / Kevin,-4807641580,-1003804081176,migrated
2,round_table,Round Table,RT / 4466-4518 / Carson,-4816330780,-1003987441730,migrated
2,round_table,Round Table,RT / 4496-0285 / Jeremiah,-4809366909,-1003723361497,migrated
2,round_table,Round Table,RT / 4497-3107 / Travis,-4800091125,-1004297805993,migrated
2,round_table,Round Table,RT / 4500-1005 / Vip,-4858256784,-1003932999934,migrated
2,round_table,Round Table,RT / 4512-4043 / Blake,-5259754456,-1003722727231,migrated
2,round_table,Round Table,RT / 4518-3807 / Jonathan,-4881192061,-1003921126608,migrated
2,round_table,Round Table,RT / 4521-9445 / Sam,-5181441266,-1003931209302,migrated
2,round_table,Round Table,RT / 4528-0175 / logan,-4976553304,-1003937008924,migrated
2,round_table,Round Table,RT / 4537-3255 / Rondall,-5048688254,-1003860101200,migrated
2,round_table,Round Table,RT / 4561-3947 / Pratham,-4916058600,-1003857939447,migrated
2,round_table,Round Table,RT / 4595-9359 / Liam,-4801158507,-1003933626355,migrated
2,round_table,Round Table,RT / 4596-9462 / Yogi Yogira,-4988810117,-1003955468561,migrated
2,round_table,Round Table,RT / 4608-0731 / Luke,-5005766374,-1004299344493,migrated
2,round_table,Round Table,RT / 4618-7201 / Ariel Abadi,-5010269959,-1003409448029,migrated
2,round_table,Round Table,RT / 4637-7130 / Deasts,-4965279988,-1003951690332,migrated
2,round_table,Round Table,RT / 4654-2684 / luh,-4841936585,-1004298985947,migrated
2,round_table,Round Table,RT / 4661-1047 / AP,-4911886731,-1003922714579,migrated
2,round_table,Round Table,RT / 4662-7557 / Steve Gallagher,-4825262752,-1003854325427,migrated
2,round_table,Round Table,RT / 4679-0900 / Rishi,-5278628340,-1003986929915,migrated
2,round_table,Round Table,RT / 4683-3855 / LineTheMan,-5223034620,-1003518957651,migrated
2,round_table,Round Table,RT / 4706-8888 / Chryo,-4938078704,-1003704713032,migrated
2,round_table,Round Table,RT / 4709-6424 / M R,-4876622834,-1003954672460,migrated
2,round_table,Round Table,RT / 4712-4047 / James,-5277302185,-1004206965755,migrated
2,round_table,Round Table,RT / 4736-5427 / Anish,-4867384522,-1004283637888,migrated
2,round_table,Round Table,RT / 4740-8885 / Dio212,-4986645384,-1003713348856,migrated
2,round_table,Round Table,RT / 4754-3508 / Andrew,-4885726591,-1004126333206,migrated
2,round_table,Round Table,RT / 4759-9823 / Acidz,-5165955619,-1003973689471,migrated
2,round_table,Round Table,RT / 4768-7440 / Justin,-5291072117,-1003845147714,migrated
2,round_table,Round Table,RT / 4769-9058 / Tyler S,-5113575874,-1003782249831,migrated
2,round_table,Round Table,RT / 4784-3107/ cooper,-4858663807,-1003525812975,migrated
2,round_table,Round Table,RT / 4808-2729 / Jack Hester,-5228944672,-1003813543895,migrated
2,round_table,Round Table,RT / 4821-3611 / Martin Zipp,-4994930991,-1003877516043,migrated
2,round_table,Round Table,RT / 4856-3990 / Anounomous,-4944058702,-1003407374344,migrated
2,round_table,Round Table,RT / 4864-8220 / Pmoe,-4837098062,-1004296781363,migrated
2,round_table,Round Table,RT / 4869-4087 / Brandon,-4913039821,-1003769837658,migrated
2,round_table,Round Table,RT / 4900-1977 / Rob,-4821047735,-1003894883908,migrated
2,round_table,Round Table,RT / 4907-6336 /Adam Minnicks,-4999067169,-1003908605601,migrated
2,round_table,Round Table,RT / 4911-0224 / Mujrim,-5155881713,-1003773589754,migrated
2,round_table,Round Table,RT / 4913-1712 / Sean Reynolds,-4873906783,-1003590580799,migrated
2,round_table,Round Table,RT / 4985-6860 / Zafather123,-4908124483,-1004259127566,migrated
2,round_table,Round Table,RT / 5001-6641 / MJ,-5109685627,-1003973925316,migrated
2,round_table,Round Table,RT / 5025-4802 / Tony Montana,-5171944751,-1004269715265,migrated
2,round_table,Round Table,RT / 5037-0760 / One,-5093239010,-1003493806843,migrated
2,round_table,Round Table,RT / 5044-8548 / Filip Ciepiela,-5293268824,-1003728802484,migrated
2,round_table,Round Table,RT / 5058-0789 / Dani,-4984882242,-1004299154978,migrated
2,round_table,Round Table,RT / 5080-6735 / Ethan Lamb,-5070935641,-1003929092048,migrated
2,round_table,Round Table,RT / 5088-9611 / Charles,-5260829580,-1003943004539,migrated
2,round_table,Round Table,RT / 5088-9611 / Charles,-4745941394,-1003943004539,migrated
2,round_table,Round Table,RT / 5097-0361 / Matthew Porcelli,-5007875028,-1004298169217,migrated
2,round_table,Round Table,RT / 5097-0861 / Davis,-5166534645,-1003931934672,migrated
2,round_table,Round Table,RT / 5116-6127 / E,-5158326227,-1004242672552,migrated
2,round_table,Round Table,RT / 5117-7901 / Di,-5255128492,-1003901294824,migrated
2,round_table,Round Table,RT / 5141-3990 / Tristan Gipp,-4831065113,-1003907723658,migrated
2,round_table,Round Table,RT / 5144-1477 / London,-4957229384,-1003890359918,migrated
2,round_table,Round Table,RT / 5164-1047 / Tyler Holder,-4849583317,-1003996747636,migrated
2,round_table,Round Table,RT / 5169-5401 / Diana,-4852877707,-1003746814984,migrated
2,round_table,Round Table,RT / 5234-5733 / Gavin Cao,-5140905499,-1003988238636,migrated
2,round_table,Round Table,RT / 5235-9835 / MrPlay4Stacks,-5238604240,-1004270715275,migrated
2,round_table,Round Table,RT / 5236-1367 / Jack,-4970569120,-1003870266981,migrated
2,round_table,Round Table,RT / 5246-1685 / c,-5243245669,-1004226039595,migrated
2,round_table,Round Table,RT / 5250-5948 / Bobby,-4886427346,-1003623254283,migrated
2,round_table,Round Table,RT / 5269-3704 / Paulo Batista Ferraz,-4824025412,-1003736590906,migrated
2,round_table,Round Table,RT / 5302-9375 / Thomas,-4820484459,-1004292188625,migrated
2,round_table,Round Table,RT / 5319-7985 / Andy,-4916442407,-1003899799876,migrated
2,round_table,Round Table,RT / 5338-7125 / Will,-4827980087,-1003902870567,migrated
2,round_table,Round Table,RT / 5339-4038 / IWNL,-4932908543,-1003741983753,migrated
2,round_table,Round Table,RT / 5352-1414 / Dawson Bates,-4813341046,-1003977727258,migrated
2,round_table,Round Table,RT / 5355-3711 / Shondra Carter,-5214642180,-1003988051217,migrated
2,round_table,Round Table,RT / 5366-5117 / Zalnx,-5038066521,-1003954732731,migrated
2,round_table,Round Table,RT / 5387-9595 / Author,-5027771320,-1004208875567,migrated
2,round_table,Round Table,RT / 5397-1859 / vince rappold,-4806494976,-1003914146835,migrated
2,round_table,Round Table,RT / 5406-5422 / L Jr,-4960702803,-1003732226680,migrated
2,round_table,Round Table,RT / 5415-4627 / Jeong,-4884793980,-1003818283395,migrated
2,round_table,Round Table,RT / 5420-0668 / James,-4933788674,-1003758250027,migrated
2,round_table,Round Table,RT / 5422-7523 / Chino,-4974924046,-1003990868592,migrated
2,round_table,Round Table,RT / 5464-0101 / Hugo Schultze,-4812397862,-1003723404660,migrated
2,round_table,Round Table,RT / 5478-4331 / Charles,-5283608117,-1003892033882,migrated
2,round_table,Round Table,RT / 5487-7638 / Adam,-5220720109,-1003982822015,migrated
2,round_table,Round Table,RT / 5578-8350 / Michael Jones Jr,-4949813143,-1003593156049,migrated
2,round_table,Round Table,RT / 5578-8350 / Michael Jones Jr,-5040250195,-1003593156049,migrated
2,round_table,Round Table,RT / 5612-7256 / rich,-5034939775,-1004299464388,migrated
2,round_table,Round Table,RT / 5614-4931 / Luke Ingham,-4976652158,-1003903146264,migrated
2,round_table,Round Table,RT / 5616-0292 / Aditya,-4880924291,-1003711954459,migrated
2,round_table,Round Table,RT / 5625-0612 / Kooper Williams,-4946293113,-1003905546258,migrated
2,round_table,Round Table,RT / 5662-8933 / Dyl,-5051981282,-1004290921585,migrated
2,round_table,Round Table,RT / 5668-8651 / Christopher R,-5219728930,-1003746725634,migrated
2,round_table,Round Table,RT / 5701-3337 / Gabriel,-4944613457,-1003926373751,migrated
2,round_table,Round Table,RT / 5709-0029 / DCHA,-4832512464,-1004294777918,migrated
2,round_table,Round Table,RT / 5718-3757 / Matthew,-4968188332,-1003728404330,migrated
2,round_table,Round Table,RT / 5718-3757 / Matthew,-5198674331,-1003728404330,migrated
2,round_table,Round Table,RT / 5720-2411 / Chris vyas,-5264524216,-1003926712263,migrated
2,round_table,Round Table,RT / 5760-9505 / Benjamin,-4882608744,-1003954869477,migrated
2,round_table,Round Table,RT / 5767-5625 / Anonymous light,-5232494820,-1004291007188,migrated
2,round_table,Round Table,RT / 5769-7848 / Ryan,-4976531243,-1003919072805,migrated
2,round_table,Round Table,RT / 5778-6851 / @emuso🐲,-4822227168,-1004214322689,migrated
2,round_table,Round Table,RT / 5818-8320 / Miles G,-4824859563,-1003991759268,migrated
2,round_table,Round Table,RT / 5823-0811 / Hunter,-4836431799,-1004212645710,migrated
2,round_table,Round Table,RT / 5826-6345 / Anand,-5157921635,-1003840125022,migrated
2,round_table,Round Table,RT / 5833-0956 / P,-5119104815,-1003950169624,migrated
2,round_table,Round Table,RT / 5886-5785 / eth,-4946480813,-1004238946273,migrated
2,round_table,Round Table,RT / 5902-3130 / sheppard,-5072424412,-1003941062913,migrated
2,round_table,Round Table,RT / 5963-5620 / Foul,-4953199821,-1003592101054,migrated
2,round_table,Round Table,RT / 5969-9805 / Flo,-5225034953,-1003977599817,migrated
2,round_table,Round Table,RT / 5983-7265 / Jonah,-4833397658,-1003987191682,migrated
2,round_table,Round Table,RT / 6012-2477 / Mike,-5033436851,-1003905676042,migrated
2,round_table,Round Table,RT / 6019-1567 / Dael Farkash,-4901712595,-1003886171385,migrated
2,round_table,Round Table,RT / 6045-2285 / daniel,-5100146819,-1004196381842,migrated
2,round_table,Round Table,RT / 6045-2285 / daniel,-4888365301,-1004196381842,migrated
2,round_table,Round Table,RT / 6102-4679 / ily,-5198128492,-1003901661234,migrated
2,round_table,Round Table,RT / 6114-3603 / Guatama,-4813778484,-1003799753488,migrated
2,round_table,Round Table,RT / 6117-7239 / A Donk,-4939051820,-1003991886986,migrated
2,round_table,Round Table,RT / 6136-7766 Jakub,-4889630157,-1004208396844,migrated
2,round_table,Round Table,RT / 6137-3219 / Ben,-4867923287,-1003646241748,migrated
2,round_table,Round Table,RT / 6188-4364 / Colby,-4963052624,-1003914123208,migrated
2,round_table,Round Table,RT / 6210-4716 / Camilo Correa,-4862078913,-1003833326048,migrated
2,round_table,Round Table,RT / 6251-7892 / Noah Midkiff,-4964369661,-1003905510143,migrated
2,round_table,Round Table,RT / 6280-2194 / Shon Doherty,-4873256546,-1003942908591,migrated
2,round_table,Round Table,RT / 6317-5971 / Brayden,-4890018525,-1004296976457,migrated
2,round_table,Round Table,RT / 6319-7796 / Max,-5095355478,-1003970926840,migrated
2,round_table,Round Table,RT / 6325-0958 / David,-4898868362,-1003901090096,migrated
2,round_table,Round Table,RT / 6333-8984 / Roger,-4852901428,-1004294527185,migrated
2,round_table,Round Table,RT / 6367-2653 / Khmer,-4865461689,-1003709218672,migrated
2,round_table,Round Table,RT / 6371-2964 / allat,-5098989292,-1003994104326,migrated
2,round_table,Round Table,RT / 6378-0087 / Ishan,-5044314158,-1003751017370,migrated
2,round_table,Round Table,RT / 6387-8190 / Maxwell Lee,-5149876026,-1003779904739,migrated
2,round_table,Round Table,RT / 6394-1878 / Ethan,-4801479999,-1003909609027,migrated
2,round_table,Round Table,RT / 6401-3877 / Alex,-4890767805,-1003880255213,migrated
2,round_table,Round Table,RT / 6412-6599 / T P,-4961673743,-1003934604689,migrated
2,round_table,Round Table,RT / 6416-7538 / Skylar,-4861240897,-1003933808888,migrated
2,round_table,Round Table,RT / 6425-6769 / Ryan,-4887716170,-1003727634169,migrated
2,round_table,Round Table,RT / 6441-3660 / Josh,-4889891526,-1003810442595,migrated
2,round_table,Round Table,RT / 6470-8737 / Asher,-5043425006,-1003792092639,migrated
2,round_table,Round Table,RT / 6476-6645 / K,-5084421454,-1004291673397,migrated
2,round_table,Round Table,RT / 6489-3346 / Jacob,-4812352541,-1003917834765,migrated
2,round_table,Round Table,RT / 6493-8726 / Ryan,-4808951270,-1003768621563,migrated
2,round_table,Round Table,RT / 6496-8972 / Paul,-5244735106,-1003781218072,migrated
2,round_table,Round Table,RT / 6498-7358 / Insanity,-5077107961,-1003929149565,migrated
2,round_table,Round Table,RT / 6506-9090 / ethan,-5237019421,-1003913193401,migrated
2,round_table,Round Table,RT / 6507-3565 / Jewish power,-4811392931,-1003875320391,migrated
2,round_table,Round Table,RT / 6514-1817 / Zoserman,-4875786444,-1003915765960,migrated
2,round_table,Round Table,RT / 6517-9309 / Gucci,-5237707550,-1003961243264,migrated
2,round_table,Round Table,RT / 6520-5829 / michael,-4854779532,-1003905706860,migrated
2,round_table,Round Table,RT / 6521-4438 / bella_te,-5001817775,-1003880824600,migrated
2,round_table,Round Table,RT / 6545-4760 / Rami Martino,-5240825910,-1003940225069,migrated
2,round_table,Round Table,RT / 6549-8249 / Chase Dodson,-5037847607,-1003530620134,migrated
2,round_table,Round Table,RT / 6557-4593 / G,-4834384402,-1003769856919,migrated
2,round_table,Round Table,RT / 6563-5208 / Youssef,-5180299799,-1004299207594,migrated
2,round_table,Round Table,RT / 6563-5208 / Youssef,-4882145684,-1004299207594,migrated
2,round_table,Round Table,RT / 6591-5465 / David,-5237148648,-1003722299089,migrated
2,round_table,Round Table,RT / 6594-8013 / Haiden,-5096722322,-1003831392412,migrated
2,round_table,Round Table,RT / 6595-4806 / Pablo,-4926246220,-1003986918928,migrated
2,round_table,Round Table,RT / 6613-9359 / Chris,-5137307044,-1003629039848,migrated
2,round_table,Round Table,RT / 6620-8497 / J M,-5053513467,-1003649467314,migrated
2,round_table,Round Table,RT / 6631-2371 / JOHN,-4984319019,-1004295780341,migrated
2,round_table,Round Table,RT / 6646-8149 / N,-4835425798,-1003851864040,migrated
2,round_table,Round Table,RT / 6646-8149 / N,-4834563477,-1003851864040,migrated
2,round_table,Round Table,RT / 6648-7655 / Matthew,-5099811305,-1003985221348,migrated
2,round_table,Round Table,RT / 6653-7643 / danny,-4838489425,-1004294334274,migrated
2,round_table,Round Table,RT / 6663-7305 / Barak,-5239385507,-1003976560371,migrated
2,round_table,Round Table,RT / 6678-6163 / Maday,-4841801406,-1004297137305,migrated
2,round_table,Round Table,RT / 6683-1357 / Alex,-4991491377,-1003574784291,migrated
2,round_table,Round Table,RT / 6705-5982 / Kyle Pollard,-4864898062,-1003982155754,migrated
2,round_table,Round Table,RT / 6738-8958 / Poker Agent,-5063022792,-1003774720962,migrated
2,round_table,Round Table,RT / 6750-6196 / R,-5075535248,-1003852332389,migrated
2,round_table,Round Table,RT / 6762-2336 / David Van,-5097301034,-1004277512877,migrated
2,round_table,Round Table,RT / 6770-6367 / Josh Larkin,-5230371924,-1004292068187,migrated
2,round_table,Round Table,RT / 6807-6189 / Landon R,-5079436790,-1004241905347,migrated
2,round_table,Round Table,RT / 6833-3249 / Hunter P,-5141033730,-1004290165047,migrated
2,round_table,Round Table,RT / 6843-9497 / Chris Gregory,-4980332045,-1003725101884,migrated
2,round_table,Round Table,RT / 6851-9942 / John Mack,-5199431618,-1003651572702,migrated
2,round_table,Round Table,RT / 6860-3385 / Noah Thul,-4997021349,-1003942507347,migrated
2,round_table,Round Table,RT / 6898-2742 / Corey,-5047689950,-1003984824701,migrated
2,round_table,Round Table,RT / 6942-8573 / Caleb Ebert,-5271402281,-1003927688551,migrated
2,round_table,Round Table,RT / 6944-5503 / Maxchaos,-5052444963,-1003997586691,migrated
2,round_table,Round Table,RT / 6946-8625 / Mike Morin,-4922666091,-1003773856470,migrated
2,round_table,Round Table,RT / 6978-9383 / Max Packard,-4863896541,-1003739122843,migrated
2,round_table,Round Table,RT / 6990-1797 / Nick T,-5107069434,-1004254049393,migrated
2,round_table,Round Table,RT / 6991-1708 / Amar,-4964778332,-1003918625305,migrated
2,round_table,Round Table,RT / 6995-3831 / Edgar C,-4814141494,-1003900539580,migrated
2,round_table,Round Table,RT / 7021-6200 / R,-4836076820,-1004293020148,migrated
2,round_table,Round Table,RT / 7058-3036 / ccd,-4995066710,-1003915640255,migrated
2,round_table,Round Table,RT / 7067-4589 / StuUngarGarment,-4864858433,-1003811736468,migrated
2,round_table,Round Table,RT / 7068-0464 / Harrison,-5039021448,-1003824879778,migrated
2,round_table,Round Table,RT / 7069-5219 / Dj 3,-5069724237,-1004292472839,migrated
2,round_table,Round Table,RT / 7086-5926 / Justin Young,-4962824874,-1003881664897,migrated
2,round_table,Round Table,RT / 7089-9206 / Dylan Wilcox,-4828957499,-1003902159495,migrated
2,round_table,Round Table,RT / 7111-0659 / Gapper,-4859326165,-1004260947989,migrated
2,round_table,Round Table,RT / 7127-1112 / Pe Estacio,-4957623988,-1003995521742,migrated
2,round_table,Round Table,RT / 7148-0578 / Mr.,-5072666430,-1003743853941,migrated
2,round_table,Round Table,RT / 7166-8726 / Movies,-5153109356,-1003910938341,migrated
2,round_table,Round Table,RT / 7171-1043 / Dom,-5237405642,-1003928882145,migrated
2,round_table,Round Table,RT / 7178-7210 / Manish,-4865955045,-1003943043274,migrated
2,round_table,Round Table,RT / 7182-7520 / Jayden,-4986856894,-1004292804795,migrated
2,round_table,Round Table,RT / 7229-8063 / eladio soto,-4978373884,-1004299015583,migrated
2,round_table,Round Table,RT / 7241-8326 / Blake,-4794237573,-1003999364869,migrated
2,round_table,Round Table,RT / 7256-7704 / Max Schaefer,-4871254491,-1003842036379,migrated
2,round_table,Round Table,RT / 7269-8656 / Ben,-5294333969,-1003970763970,migrated
2,round_table,Round Table,RT / 7281-8702 / Sp,-5148183063,-1004294216437,migrated
2,round_table,Round Table,RT / 7305-4633 /Andy,-5055659282,-1003918089727,migrated
2,round_table,Round Table,RT / 7311-4430 / Gabe,-5013859335,-1003994349370,migrated
2,round_table,Round Table,RT / 7318-1420 / Luke Macaluso,-5113324632,-1004299093674,migrated
2,round_table,Round Table,RT / 7320-2126 / Abid,-4922298322,-1003928775699,migrated
2,round_table,Round Table,RT / 7322-8328 / Hua,-4847456391,-1003684999555,migrated
2,round_table,Round Table,RT / 7332-7514 / Glitch,-4818187577,-1003991699900,migrated
2,round_table,Round Table,RT / 7339-8416 / Ezra,-4890396401,-1003520514480,migrated
2,round_table,Round Table,RT / 7346-7713 / LD,-5084316974,-1003921793139,migrated
2,round_table,Round Table,RT / 7349-2705 / jackson,-4808311160,-1003917549770,migrated
2,round_table,Round Table,RT / 7366-4402 / Matthew,-5144616759,-1003996863446,migrated
2,round_table,Round Table,RT / 7405-8437 / Jacob Devenny,-4885197397,-1003910783755,migrated
2,round_table,Round Table,RT / 7410-9915 / xLimPepe,-4933963833,-1003919004534,migrated
2,round_table,Round Table,RT / 7504-8322 / Ali,-4834756081,-1004072735341,migrated
2,round_table,Round Table,RT / 7505-5922 / Chase,-5046682371,-1003848044502,migrated
2,round_table,Round Table,RT / 7512-8414 / Or,-4849241768,-1004207587250,migrated
2,round_table,Round Table,RT / 7514-5089 / Pawri,-5117004893,-1004285728839,migrated
2,round_table,Round Table,RT / 7515-2013 / Yasiin,-4879412506,-1004290742450,migrated
2,round_table,Round Table,RT / 7545-2686 / Nash,-4863871889,-1004297631899,migrated
2,round_table,Round Table,RT / 7545-5685 / Rylee,-4898492917,-1003912857974,migrated
2,round_table,Round Table,RT / 7569-1822 / Marcus,-4823445106,-1004226803326,migrated
2,round_table,Round Table,RT / 7600-9017 / Christian Salazar,-4939786090,-1003867204932,migrated
2,round_table,Round Table,RT / 7626-0304 / Gobind Ram,-4822234152,-1003831350815,migrated
2,round_table,Round Table,RT / 7631-3854 / Andrew,-4938793044,-1003885816292,migrated
2,round_table,Round Table,RT / 7634-4739 / Zach Robins,-5295551024,-1003705637153,migrated
2,round_table,Round Table,RT / 7634-4739 / Zach Robins,-5016951862,-1003705637153,migrated
2,round_table,Round Table,RT / 7653-2747 / Avi,-4918123986,-1003952168996,migrated
2,round_table,Round Table,RT / 7653-3467 / Luc Rogers,-5089157419,-1003546870122,migrated
2,round_table,Round Table,RT / 7653-5817 / Nate,-4835902172,-1003991353371,migrated
2,round_table,Round Table,RT / 7658-9025 / Larry Robinson,-5212531894,-1003950983135,migrated
2,round_table,Round Table,RT / 7660-0801 / Ben,-4918201850,-1003720957342,migrated
2,round_table,Round Table,RT / 7676-2892 / D,-4810524531,-1003922941140,migrated
2,round_table,Round Table,RT / 7676-9212 / Connor,-4874118732,-1003761884704,migrated
2,round_table,Round Table,RT / 7694-0848 / Burton Sloan,-4828768629,-1003999901920,migrated
2,round_table,Round Table,RT / 7696-4728 / jake,-4795476270,-1003977671456,migrated
2,round_table,Round Table,RT / 7696-8665 / Daniel,-5134237878,-1003876628921,migrated
2,round_table,Round Table,RT / 7733-5722 / Ahanaf,-5138304150,-1003777544122,migrated
2,round_table,Round Table,RT / 7747-4738 / Siddh,-4910020390,-1003852675462,migrated
2,round_table,Round Table,RT / 7761-9815 / David,-4950364836,-1003771726754,migrated
2,round_table,Round Table,RT / 7813-5572 / Taz,-4949939709,-1003994682237,migrated
2,round_table,Round Table,RT / 7814-2821 / Laba,-5107983990,-1003924590887,migrated
2,round_table,Round Table,RT / 7828-5418 / Bradley Lupton,-4946019529,-1003730650586,migrated
2,round_table,Round Table,RT / 7834-9806 / Adam,-4922971184,-1003763350639,migrated
2,round_table,Round Table,RT / 7848-1350 / Chase,-4921640691,-1004291703812,migrated
2,round_table,Round Table,RT / 7853-4135 / Ethan,-5200711263,-1003926178208,migrated
2,round_table,Round Table,RT / 7879-6378 / R W,-4947907583,-1003723180306,migrated
2,round_table,Round Table,RT / 7881-5514 / trey,-4832991309,-1003987790017,migrated
2,round_table,Round Table,RT / 7900-4397 / Lenier,-4883837676,-1003903619314,migrated
2,round_table,Round Table,RT / 7908-8316 / grant,-4838413159,-1003885429049,migrated
2,round_table,Round Table,RT / 7913-4483 / Balaji Balachandran,-4846861324,-1003963153406,migrated
2,round_table,Round Table,RT / 7921-4679 / Gucci,-5223449891,-1003936617776,migrated
2,round_table,Round Table,RT / 7930-0008 / Enrique He,-5128700887,-1003965954286,migrated
2,round_table,Round Table,RT / 7977-5833 / Cole,-4985790786,-1003669399117,migrated
2,round_table,Round Table,RT / 7995-7689 / Jon,-4899580187,-1003981192165,migrated
2,round_table,Round Table,RT / 8007-8104 / Damian,-5096075475,-1003944286454,migrated
2,round_table,Round Table,RT / 8013-7738 / Max Stadtaus,-5010853351,-1003948399406,migrated
2,round_table,Round Table,RT / 8017-1409 / Howard,-4801918184,-1004299134472,migrated
2,round_table,Round Table,RT / 8034-9667 / Apex,-5004115667,-1003879847102,migrated
2,round_table,Round Table,RT / 8035-9434 / HimculesPoker,-4924877673,-1004267134321,migrated
2,round_table,Round Table,RT / 8057-6873 / Sanjay Misra,-4921908785,-1003940300266,migrated
2,round_table,Round Table,RT / 8064-5209 / Tohma,-4975752931,-1003721502374,migrated
2,round_table,Round Table,RT / 8068-0736 / Heidy Cadalso,-4956490270,-1003961916143,migrated
2,round_table,Round Table,RT / 8104-4603 / Jared,-4963641006,-1003900427120,migrated
2,round_table,Round Table,RT / 8112-7250 / Ragebaiter,-5111740088,-1003925490236,migrated
2,round_table,Round Table,RT / 8133-5978 / rani,-5005350980,-1004217495032,migrated
2,round_table,Round Table,RT / 8164-1243 / Luca,-5008201716,-1003920612953,migrated
2,round_table,Round Table,RT / 8169-0525 / Dante,-5227407484,-1003913858154,migrated
2,round_table,Round Table,RT / 8177-6091 / Jacob,-4957738717,-1003989328371,migrated
2,round_table,Round Table,RT / 8194-6859 / wayne,-4976278461,-1003782874593,migrated
2,round_table,Round Table,RT / 8196-3440 / Traph0useS,-4813542509,-1003769324912,migrated
2,round_table,Round Table,RT / 8222-8602 / Daniel,-4991433443,-1003941184686,migrated
2,round_table,Round Table,RT / 8226-1537 / BigBrain07,-5016397702,-1004292426945,migrated
2,round_table,Round Table,RT / 8235-0778 / Ryker Dodson,-4906762751,-1003910116484,migrated
2,round_table,Round Table,RT / 8243-9814 / 420 Chulo,-5023325621,-1003793542683,migrated
2,round_table,Round Table,RT / 8250-2863 / Sergio,-4950040986,-1003837102806,migrated
2,round_table,Round Table,RT / 8250-4018 / jelque boy,-5036712258,-1003931089145,migrated
2,round_table,Round Table,RT / 8252-3272 / Tristan Kwok,-5173348970,-1003533012791,migrated
2,round_table,Round Table,RT / 8266-5044 / Nolan,-4930046541,-1003682635332,migrated
2,round_table,Round Table,RT / 8296-2815 / Eliot Neutra,-4784608656,-1003850722623,migrated
2,round_table,Round Table,RT / 8306-5764 / Rohit D,-4936465220,-1003754650724,migrated
2,round_table,Round Table,RT / 8306-5927 / Yi,-5049044431,-1003731741536,migrated
2,round_table,Round Table,RT / 8322-2119 / Jacob Black,-5106963818,-1003993558705,migrated
2,round_table,Round Table,RT / 8324-3307 / Trey,-4946059369,-1003943478743,migrated
2,round_table,Round Table,RT / 8335-6609 / Lindy C,-4874207927,-1003986951186,migrated
2,round_table,Round Table,RT / 8342-0830 / OJH,-4989447053,-1003289366441,migrated
2,round_table,Round Table,RT / 8347-5771 / Yami,-5041722260,-1003931909191,migrated
2,round_table,Round Table,RT / 8357-4192 / Perloss,-5129824057,-1003880775326,migrated
2,round_table,Round Table,RT / 8376-4721 / Mihraan,-4855720500,-1003917110184,migrated
2,round_table,Round Table,RT / 8388-0379 / Eric,-5231038565,-1003504286591,migrated
2,round_table,Round Table,RT / 8388-1378 / JL network,-5280818655,-1003749556022,migrated
2,round_table,Round Table,RT / 8427-5085 / HockeyGamr,-4967462774,-1003954719122,migrated
2,round_table,Round Table,RT / 8437-9532 / Jack,-5232903136,-1003990491803,migrated
2,round_table,Round Table,RT / 8452-6948 / Brandon,-4770114309,-1003923007328,migrated
2,round_table,Round Table,RT / 8456-8664 / Soham,-5088692573,-1003634465045,migrated
2,round_table,Round Table,RT / 8462-5447 / David,-4830908552,-1003535909675,migrated
2,round_table,Round Table,RT / 8467-5920 / Benjamin Dektor,-4986321605,-1003995135434,migrated
2,round_table,Round Table,RT / 8489-2358 / chandler,-4813301161,-1003914610913,migrated
2,round_table,Round Table,RT / 8496-9859 / Nathan,-5053435892,-1003869715932,migrated
2,round_table,Round Table,RT / 8545-9490 / Josh Garrow,-4883028536,-1003737939874,migrated
2,round_table,Round Table,RT / 8568-2741 / m,-5255383484,-1003918856957,migrated
2,round_table,Round Table,RT / 8601-2027 / Law,-5059622321,-1003758242572,migrated
2,round_table,Round Table,RT / 8604-5238 / Nivedi,-4818493941,-1003860910513,migrated
2,round_table,Round Table,RT / 8609-0567 / John Phillips,-5271875338,-1003932944622,migrated
2,round_table,Round Table,RT / 8642-4683 / James,-5223924515,-1003876860527,migrated
2,round_table,Round Table,RT / 8648-2963 / CJ,-4905142487,-1003927270182,migrated
2,round_table,Round Table,RT / 8661-1946 / dylan lueck,-4830045442,-1003903873438,migrated
2,round_table,Round Table,RT / 8673-7590 / Tim Williamson,-4966266011,-1003991008399,migrated
2,round_table,Round Table,RT / 8676-1600 / Cortland,-5220725332,-1003948202732,migrated
2,round_table,Round Table,RT / 8685-8694 / Vlad,-5281342335,-1003783220229,migrated
2,round_table,Round Table,RT / 8687-5642 / Rax,-5283851873,-1003865830567,migrated
2,round_table,Round Table,RT / 8704-4117 / Albert,-5270729728,-1003926582858,migrated
2,round_table,Round Table,RT / 8746-3965 / Brenden Kline,-5098593294,-1003500600971,migrated
2,round_table,Round Table,RT / 8749-8743 / Numzee,-5208867179,-1003980840574,migrated
2,round_table,Round Table,RT / 8751-0049 / Henry Wheeler,-4773899530,-1003948609178,migrated
2,round_table,Round Table,RT / 8775-1572 / Jeevi,-5082038146,-1004292910462,migrated
2,round_table,Round Table,RT / 8812-4973 / eduvijes,-4918863591,-1003896692359,migrated
2,round_table,Round Table,RT / 8826-1608 / Michael,-5052425256,-1003853240519,migrated
2,round_table,Round Table,RT / 8853-4950 /Renaud Lefevre,-4858207915,-1003509543098,migrated
2,round_table,Round Table,RT / 8854-7420 / BadBeat Miggy,-4977565257,-1003740921968,migrated
2,round_table,Round Table,RT / 8866-7632 / Dan Peets,-5097367543,-1003994677575,migrated
2,round_table,Round Table,RT / 8916-5566 / N🐟,-5099754836,-1003738166933,migrated
2,round_table,Round Table,RT / 8940-6021 / Ghostcbr,-4986184808,-1003911057434,migrated
2,round_table,Round Table,RT / 8970-8570 /Ian,-5094415869,-1003927461134,migrated
2,round_table,Round Table,RT / 8979-6841 /tripp,-5169650735,-1003777093647,migrated
2,round_table,Round Table,RT / 8984-4609 / Tom,-5193425235,-1004231013389,migrated
2,round_table,Round Table,RT / 9006-8714 / Matthew Guel,-5227504161,-1003962776429,migrated
2,round_table,Round Table,RT / 9021-2817 / Joey,-4911359075,-1003986002466,migrated
2,round_table,Round Table,RT / 9051-4441 / Hayden,-5149407211,-1003826933305,migrated
2,round_table,Round Table,RT / 9060-9080 / Sergio,-5003161749,-1003972303243,migrated
2,round_table,Round Table,RT / 9064-6735 / Andrew,-4888889695,-1003780010040,migrated
2,round_table,Round Table,RT / 9064-8045 / Lucky Chelimilla,-4876161843,-1003959203906,migrated
2,round_table,Round Table,RT / 9073-4071 / carr,-4899384131,-1003906807619,migrated
2,round_table,Round Table,RT / 9135-3580 / Tyler Durham,-4980599732,-1003992302000,migrated
2,round_table,Round Table,RT / 9162-9993 / Jacob,-4931218893,-1004252885712,migrated
2,round_table,Round Table,RT / 9163-6070 / Spencer McGuire,-4855462496,-1003995906840,migrated
2,round_table,Round Table,RT / 9193-9175 / Lanie Nie,-5214741408,-1003915044224,migrated
2,round_table,Round Table,RT / 9194-3260 / knkkk,-5266520265,-1003942217138,migrated
2,round_table,Round Table,RT / 9241-2096 / john,-4886470757,-1003977172405,migrated
2,round_table,Round Table,RT / 9243-9221 / Eddy,-4922876593,-1003790784677,migrated
2,round_table,Round Table,RT / 9252-8156 / Raghav,-5202254686,-1003961072822,migrated
2,round_table,Round Table,RT / 9256-3510 / Andrew Lustig,-4880947308,-1003963697499,migrated
2,round_table,Round Table,RT / 9258-4306 / Mike,-5154054602,-1003849445660,migrated
2,round_table,Round Table,RT / 9260-7267 / 世家,-4824266582,-1003721911181,migrated
2,round_table,Round Table,RT / 9275-3299 / Leon Kwauk,-5112012185,-1003846307680,migrated
2,round_table,Round Table,RT / 9286-9945 / eric shi,-4935103799,-1003914659402,migrated
2,round_table,Round Table,RT / 9294-3413 / James,-4912483431,-1003695351356,migrated
2,round_table,Round Table,RT / 9312-8616 / Duke,-5048473108,-1003907564223,migrated
2,round_table,Round Table,RT / 9316-6111 / Rinoo,-4977110636,-1003750062836,migrated
2,round_table,Round Table,RT / 9334-9908 / Trips333,-4953873640,-1003528428515,migrated
2,round_table,Round Table,RT / 9339-3997 / Ramon,-4873247830,-1003669091171,migrated
2,round_table,Round Table,RT / 9346-6294 / Luke,-4883121664,-1004240531566,migrated
2,round_table,Round Table,RT / 9346-6573 / Brandon,-4853050201,-1004246181686,migrated
2,round_table,Round Table,RT / 9347-3434 / Julian,-5021070335,-1004297097408,migrated
2,round_table,Round Table,RT / 9379-3390 / CoinThrust,-4848500553,-1003855629608,migrated
2,round_table,Round Table,RT / 9412-0783 / Jacob,-5217092127,-1003757185274,migrated
2,round_table,Round Table,RT / 9448-8590 / Alexander,-4930984923,-1003746558400,migrated
2,round_table,Round Table,RT / 9465-7745 / Howard,-4861130525,-1003982466929,migrated
2,round_table,Round Table,RT / 9500-0123 / Mayank Kataria,-5109917227,-1003995223831,migrated
2,round_table,Round Table,RT / 9506-4006 /Matthew Kanga,-5279192338,-1003732342141,migrated
2,round_table,Round Table,RT / 9506-4006 /Matthew Kanga,-5146447343,-1003732342141,migrated
2,round_table,Round Table,RT / 9510-0205 / Checco B,-4864995987,-1003920294282,migrated
2,round_table,Round Table,RT / 9522-4506 / Ivoslav,-4812560893,-1003728442228,migrated
2,round_table,Round Table,RT / 9545-0916 / Parker Wine,-4939933028,-1003945413876,migrated
2,round_table,Round Table,RT / 9547-9284 / Carson Boey,-4938935066,-1003871953710,migrated
2,round_table,Round Table,RT / 9571-2247 / Adam D,-4949147355,-1003977633687,migrated
2,round_table,Round Table,RT / 9603-3037 / Jake,-4846974403,-1003357505735,migrated
2,round_table,Round Table,RT / 9603-3037 / Jake,-4823529715,-1003357505735,migrated
2,round_table,Round Table,RT / 9604-1227 / Hunter,-4978146077,-1004278644091,migrated
2,round_table,Round Table,RT / 9630-0076 / Chris Ayala,-5070470304,-1003598636995,migrated
2,round_table,Round Table,RT / 9646-1048 / Final,-4813068814,-1004297453029,migrated
2,round_table,Round Table,RT / 9650-6269 / Freddy,-5191414058,-1003880861996,migrated
2,round_table,Round Table,RT / 9663-0453 / cam,-4882575783,-1003587031833,migrated
2,round_table,Round Table,RT / 9704-2445 / Kyle,-4979471507,-1003914001729,migrated
2,round_table,Round Table,RT / 9706-0193 / Eldawg,-5067699864,-1003983921415,migrated
2,round_table,Round Table,RT / 9726-9842 / Yashas Gowda,-5164815188,-1003947185871,migrated
2,round_table,Round Table,RT / 9795-0736 / Landon B,-4861337571,-1003734618360,migrated
2,round_table,Round Table,RT / 9797-6553 / Jeehan,-5009107267,-1003799527674,migrated
2,round_table,Round Table,RT / 9840-5269 / Treez,-5112238866,-1004236450418,migrated
2,round_table,Round Table,RT / 9843-2389 / curtis,-5105049528,-1003700568300,migrated
2,round_table,Round Table,RT / 9850-2714 / Anthony,-4890202942,-1003943538526,migrated
2,round_table,Round Table,RT / 9893-1738 / Jerry Mckewen,-4846395174,-1003978225039,migrated
2,round_table,Round Table,RT / 9903-8204 / Dumb,-5214426608,-1003924032201,migrated
2,round_table,Round Table,RT / 9909-6910 / Zekel,-4844058591,-1003943638120,migrated
2,round_table,Round Table,RT / 9935-9189 / Suryansh Savaliya,-4847387618,-1003906263277,migrated
2,round_table,Round Table,RT / 9938-0874 / Hudson,-4946358656,-1003824062632,migrated
2,round_table,Round Table,RT / 9948-3186 / Rishi,-4969264116,-1003798046985,migrated
2,round_table,Round Table,RT // DamavanD,-5183478638,-1003806617747,migrated
2,round_table,Round Table,RT // Noah,-5130789737,-1004291792108,migrated
2,round_table,Round Table,RT AT / 1050-6827 / Nichoals,-5134178873,-1003945920518,migrated
2,round_table,Round Table,RT AT / 1122-4823 / Vin,-4887682182,-1004293496251,migrated
2,round_table,Round Table,RT AT / 1450-0630 / Chance,-5214491031,-1003908968565,migrated
2,round_table,Round Table,RT AT / 1571-9748 / Goat,-4805821268,-1003711218094,migrated
2,round_table,Round Table,RT AT / 1714-5331 / Guillaume C,-4784552842,-1003991763427,migrated
2,round_table,Round Table,RT AT / 1718-7151 / Whags,-4887977372,-1003911449885,migrated
2,round_table,Round Table,RT AT / 1776-9192 / Jake D,-5100530236,-1003923127571,migrated
2,round_table,Round Table,RT AT / 2285-5082 / Kimi,-5100884416,-1003960082278,migrated
2,round_table,Round Table,RT AT / 2327-3714 / Johnny N,-4918846374,-1003977969090,migrated
2,round_table,Round Table,RT AT / 2393-5600 / Jordan,-4900426665,-1004232884922,migrated
2,round_table,Round Table,RT AT / 2437-6397 / eefman,-4853955553,-1003897769320,migrated
2,round_table,Round Table,RT AT / 2688-7277 / Jonathan,-4950300433,-1003618548229,migrated
2,round_table,Round Table,RT AT / 2780-4828 / pop-pop,-5184833326,-1003586435073,migrated
2,round_table,Round Table,RT AT / 2923-3011 / ENKA,-5218969407,-1003905667483,migrated
2,round_table,Round Table,RT AT / 3361-9190 / Fra,-4864371425,-1003941649088,migrated
2,round_table,Round Table,RT AT / 3486-7058 / Arjun Reddy,-4916193713,-1004296830822,migrated
2,round_table,Round Table,RT AT / 3970-7341 / Jace,-5119399711,-1003967020085,migrated
2,round_table,Round Table,RT AT / 4938-1070 / Ben,-5078620844,-1003988499586,migrated
2,round_table,Round Table,RT AT / 4999-4074 / Atticus Shreavport,-5202583496,-1003866101193,migrated
2,round_table,Round Table,RT AT / 5368-3049 / Aik,-5070141929,-1003973527106,migrated
2,round_table,Round Table,RT AT / 5540-8418 / Milad,-5061306788,-1004267130141,migrated
2,round_table,Round Table,RT AT / 5829-1859 / Jack Roberts,-5181425860,-1003939528836,migrated
2,round_table,Round Table,RT AT / 5914-2721 / Wes Kinx,-4909750416,-1003982300744,migrated
2,round_table,Round Table,RT AT / 6016-3984 / henrykim0,-4931890466,-1004118969376,migrated
2,round_table,Round Table,RT AT / 6252-7617 / Alex Seguine,-5061925448,-1003911119810,migrated
2,round_table,Round Table,RT AT / 6386-2328 / Cboii,-5166580439,-1003926101313,migrated
2,round_table,Round Table,RT AT / 6428-7782 / Brent Smith,-5107495155,-1004291147232,migrated
2,round_table,Round Table,RT AT / 6523-3384 / A C,-4804556219,-1003990924166,migrated
2,round_table,Round Table,RT AT / 6694-4007 / Tanner Jones,-4813284773,-1003694809082,migrated
2,round_table,Round Table,RT AT / 6919-0289 / Hhehehe,-5079205277,-1003763234088,migrated
2,round_table,Round Table,RT AT / 6922-1478 / George,-5193680313,-1003900565899,migrated
2,round_table,Round Table,RT AT / 7069-5879 / Wer,-5251369073,-1003855230816,migrated
2,round_table,Round Table,RT AT / 7069-5879 / Wer,-4662467853,-1003855230816,migrated
2,round_table,Round Table,RT AT / 7088-4056 / Yuta Okkotsu,-4998769927,-1003909710834,migrated
2,round_table,Round Table,RT AT / 7201-2716 / Jinse,-4809900359,-1003615950205,migrated
2,round_table,Round Table,RT AT / 7300-9194 / Camilo Anton,-4964333655,-1003804114389,migrated
2,round_table,Round Table,RT AT / 7396-8828 / vib,-5045725277,-1003967283975,migrated
2,round_table,Round Table,RT AT / 8001-9647 / Riku,-4884984935,-1003944719912,migrated
2,round_table,Round Table,RT AT / 8174-0565 / H H,-5256364205,-1003901071720,migrated
2,round_table,Round Table,RT AT / 8258-2482 / Jacip,-5002995266,-1003700040655,migrated
2,round_table,Round Table,RT AT / 8833-7708 / Yinet,-5070740798,-1003711023665,migrated
2,round_table,Round Table,RT AT / 9165-6986 / Ben,-4907850232,-1003609249938,migrated
2,round_table,Round Table,RT AT / 9383-1017 / Neeraj Sanne,-4811681498,-1003768867110,migrated
2,round_table,Round Table,RT AT / 9564-3773 / Waynwood,-5278118212,-1004295336520,migrated
2,round_table,Round Table,RT AT / 9631-3510 / steph W,-4906307128,-1003912340941,migrated
2,round_table,Round Table,RT AT/ 1820-4226 / Kev,-5021473767,-1003728258438,migrated
2,round_table,Round Table,RT Testing First Deposit,-5213512067,-1003947727705,migrated
2,round_table,Round Table,RT Testing First Deposit,-5113509300,-1003947727705,migrated
2,round_table,Round Table,RT/ 1253-9958/Timmy,-5225461228,-1003902418784,migrated
2,round_table,Round Table,RT/ 1615-1797/ Max Mercado,-5062572995,-1004269646948,migrated
2,round_table,Round Table,RT/ 2931-0018 /Jinxx,-5243621950,-1003922207336,migrated
2,round_table,Round Table,RT/ 3994-9524 / Ty,-5239384132,-1003906412131,migrated
2,round_table,Round Table,RT/ 4756-7606 /Sanjith,-5152511219,-1003805780371,migrated
2,round_table,Round Table,RT/ 4795-0455 / Gabe,-5024439395,-1003941201384,migrated
2,round_table,Round Table,RT/ 5503-9781/ bensol,-5256047034,-1003945752963,migrated
2,round_table,Round Table,RT/ 5906-6700 /Samin,-4970122454,-1003708763613,migrated
2,round_table,Round Table,RT/ 6871-6445/ Money Mitch,-5026637146,-1003787336118,migrated
2,round_table,Round Table,RT/ 7175-3489 / Conner,-5231939331,-1003925751623,migrated
2,round_table,Round Table,RT/ 7816-6606 / David,-5236692064,-1003936301965,migrated
2,round_table,Round Table,RT/ 8839-9263 /Andrew,-5102705257,-1003982723820,migrated
2,round_table,Round Table,Test Bot,-5271304858,-1003759778621,migrated
2,round_table,Round Table,Trapstar,-4908572211,-1003969543575,migrated
2,round_table,Round Table,Will,-5125461782,-1003772290349,migrated
